protein_id	organism	sequence
bar_6__concordance__I’m_The_Best__ic0.739	Homo sapiens	LWLICATVENVAIVLKAAALGRTLDATLCNGESLLVAVEAVDLALPPATLDYVARTLSNLAGSAVRYVDKIELPLGKVENATLHPVEK
bar_6__native_ala__I’m_The_Best__ic0.739	Homo sapiens	EVERYTHINGITRIEDTATEACHEMTHEYGANSEEITINTIMETELLTHEMAITCHESGETASTICKIMDANELEADINGTHEALIND
bar_6__free_design__I’m_The_Best__ic0.739	Homo sapiens	MRLIAVSVADRETALAVARELGVLEDYLEREDVLLLEIDAKALDLTDEEIEAICARIGEATGAGAAYLKDYTKPLEEVELEDLPPVVA
bar_6__native_ala_free__I’m_The_Best__ic0.739	Homo sapiens	GLAALSDEAIAARVRARAEALTAEHVAKYGPEDAEAFYAETLARLTRIELLARECVLTGRSAEEVAAEHGVEDLVAEIERARAELLAN
bar_32__concordance__Barbie_Dangerous__ic0.269	Homo sapiens	PNPYVEPVYLLWLICKLSVNELIFGWLDNSLFIHEAIQHELPAASATLHTMSHTDSAICEGQFVPKGEQATLIHGIEVLKKPPSRILHSPIVSL
bar_32__native_ala__Barbie_Dangerous__ic0.269	Homo sapiens	LAAKINLIKEEVERYDESIGNERFAVEMASEFRANTRAWNEATTATHEWHASWHASTRYNAAAILDANATHERAARAIEDALLSCREWSLAASE
bar_32__free_design__Barbie_Dangerous__ic0.269	Homo sapiens	RDPFVNPKYPKVLVLQVSENVWRYGYISDSLKVSDVIKKYFPNAKAYVYCSSSKSSCIVNGHLLKNGKWATVQDGHVEITTHPTNLEYDPNIPE
bar_32__native_ala_free__Barbie_Dangerous__ic0.269	Homo sapiens	LQAALDALAARLAAAEAAIPTIPKGAALAPLLAALRAAYAAAKAALAAYQAAAAAAAKGGAAEKAAAAAARAAAEAALAAAAAAADALEKALAQ
bar_3__concordance__I_Lied__ic0.830	Homo sapiens	CTNKPSAGTLGIAIILGYLIHKEAPLACSWMILGYDVELRHSVPPCLSDGSTVEHVEKQHSGEKRCAAVEATLDYIGYLPVELS
bar_3__native_ala__I_Lied__ic0.830	Homo sapiens	YAAAASTAHEARTAREAKERWANTLETYAAAREAKMINECASILLAESMASHINWINDAWSANDCATTINTHEMARAKELINES
bar_3__free_design__I_Lied__ic0.830	Homo sapiens	CTNKIVPGEEGLGMLYGYCLSQKLPEECISLFDGYKITVTSSVSPCLADGTTVADRFKKTSGEGQCAAVKEALKQMGNLPESKL
bar_3__native_ala_free__I_Lied__ic0.830	Homo sapiens	MDPAALAAAAAAAEAAEKARYADALARYDALVAAGDEAGVCALMEALGLEDKRDVIAKGRAEGQCAAYFDAHFRPEFEAVIAAP
bar_8__concordance__Moment_4_Life__ic0.711	Homo sapiens	VHVPPILAVILHVATATLIVENGEKVHVPPILAVILHVATATLRIEHECLSEDVDEMAPFRYCVDLPLSSLKCLSRPGQFRIATLTLGWCHLVNTARTGDQDLASAVRWDPKEAKIVAGPPGPRELHL
bar_8__native_ala__Moment_4_Life__ic0.711	Homo sapiens	IWILLRETIREWITHTHERINGANDIWILLRETIREWITHTHECRAWNYESNAIMNATLACKYIMALESSEDYESCLAPFARTHEHEAVYWEIGHTCHAMPMEAATICAALDNTDAITALLALANEWE
bar_8__free_design__Moment_4_Life__ic0.711	Homo sapiens	KRIHPDLEKALKTPPVPVTNADGTTIAVSPLMVEKYGAFVPPTPITRDCTRKEYDPECPISFCIPIPSTALAGETAPGTWEVRCISDGYLYLADASDPATRNQVKRYRGDAATKQMVPGPPPRFPIYL
bar_8__native_ala_free__Moment_4_Life__ic0.711	Homo sapiens	LEERLRAEARARLAELAATLPGLPDLREVLRALVRELIAAAKRYRAEGKWGEALRSAARALEWLLALDDAEGRAETLAPFERTPENEPLFKRIPEYLADDPFAAAVLALALGEEETVEALLARYEAER
bar_0__concordance__Super_Freaky_Girl_(Queen_Mix)__ic0.994	Homo sapiens	VAIPKTVDVASECFIVLEKSVEATLNGDLCNYGVEAPLGIEATGACLAGPPATLDDIVKNLSCIERGDLYWLIKDEAWYIEATGACLA
bar_0__native_ala__Super_Freaky_Girl_(Queen_Mix)__ic0.994	Homo sapiens	ITALDHIMITSNAFRIENDSINTHEGAMEYAAAINTLEARNTHATYETALLTHEMARIDGESYAACAMEAVERDANTAARNTHATYET
bar_0__free_design__Super_Freaky_Girl_(Queen_Mix)__ic0.994	Homo sapiens	VGTVSVKEVNGKPVVVCELSVPPRVPGELVDLGLDLPPGITVSGSAFSSQPKTLEDIIAKMDTLEDGTLIGLSPGKSYCIVSKGAAVP
bar_0__native_ala_free__Super_Freaky_Girl_(Queen_Mix)__ic0.994	Homo sapiens	EKEKKKKELAEEAKKLEATESDTEEGALKLIETITKLAEVIAGDTTETQAILDQAKTNKGGDYKALADQAYAAANAVMKEKVGKTIDD
bar_13__concordance__Dear_Old_Nicki__ic0.577	Homo sapiens	VAIVLKADRTGEELPCRMVETQQLSATGAVDGCSALLICPPMGRYMCAVASPVYLLWLICVEALISLRAVIEHLMESADVSSLGRTVATG
bar_13__native_ala__Dear_Old_Nicki__ic0.577	Homo sapiens	ITRIEDTACHANNELYAAINHAPESTHATIMAYSTEERYAAAACKAATITSLIKEEVERYINTERSECTIANWEAASTMISSEACHATHA
bar_13__free_design__Dear_Old_Nicki__ic0.577	Homo sapiens	MESILTNPETGEKEKCIVIKSKEIEKTGAVKGADGILICPETNKIYAIYEDKEKEPKFVDVSDNEKLKEVVAKILASKDKSKFGELVKLE
bar_13__native_ala_free__Dear_Old_Nicki__ic0.577	Homo sapiens	DAKVKELADKAWKLLLASLADAPAEVKAKVAAYADETDAAARAKKAAELAKEARDAVEKALGAKNDAAVRAKWDKVVKEVAALAKAAATA
bar_11__concordance__Hell_Yeah__ic0.586	Homo sapiens	HTLEATLCNAGNGVESAATLYVKVASNYERRSAFMIILGPRGDLSAIGVNTAFISDATLTEHKHVATATLRIRSSGQQLGPATGASHTCATLSLQVNEGDLSHGEEGANSSATLKLGP
bar_11__native_ala__Hell_Yeah__ic0.586	Homo sapiens	WHENTHEYGAAGAINSTTHEKIDITSGANCASTFARREALCAMESTRAIGHTFRAMTHEHAADWITHTHECRASSAPPEALTHATSWHYTHESEAIGNAMESWANNATASSTHEDEAL
bar_11__free_design__Hell_Yeah__ic0.586	Homo sapiens	MTLTTTICADGNGTASTATVTVKVPTDKDAKANFKVTVGTAGSATVTSVKTEVIKDPTAPGNQLMAVVTITITGNGAALAADDGAANECTTISVDVPAEDYAAGDNGQNSTVTVTTGA
bar_11__native_ala_free__Hell_Yeah__ic0.586	Homo sapiens	SFEKEVELDKETAINPITKKKIDIDSKEDPEDAEKCKEALKEMLSLKAKGEYYLSKTEADAPEYLKKTGAEKKSTLPEEELLAKFAKEYLEGSKKKGEEYLEKAKKALLKCSLKYESE
bar_77__concordance__Moment_4_Life__ic0.119	Homo sapiens	DGEATVSSTAAATGAHLFLFVNTAVENKWLISEVIILPLWGEAVGELWLEILDLDFLIATEVHGSQIIPPCTLPPGYLEAPLASNR
bar_77__native_ala__Moment_4_Life__ic0.119	Homo sapiens	MANTHISSHTTTHATWEAEFIGHTINGAVERSAIRRELEVANTIANEVENREMEMAERTHAIWASPRALLYHELLAAENTLETSGA
bar_77__free_design__Moment_4_Life__ic0.119	Homo sapiens	SGPTTVTVTVTYSGATVVLKVYDKETKKWTTELLSVNPQDLGATMTAFWEEKKVERIVVTETYAAPSVPKGTYPEGFEVEPMKAPL
bar_77__native_ala_free__Moment_4_Life__ic0.119	Homo sapiens	AAAAAAAAAAAAAAAAEAAAAEAAAKAEAAAAAAAAAAAEAAAAAEAEAEAAKAAAAEAEAAANSPEARAARAAAAAAAAAAAAAA
bar_27__concordance__Ganja_Burn__ic0.331	Homo sapiens	CPMNDAAGTGWLILGPSYVPPNAAAGHIIYFGIATGAVFVASILGPPCCKHIQGSSVREHWHPKCDPNVWLATLHIIPKFDIATGA
bar_27__native_ala__Ganja_Burn__ic0.331	Homo sapiens	YAAGATTAHAVEREALSKILLGATTAWARKFARTHATIFITSREALLYYAARPASSIANWAALDYAAGIVETHEWARLDFARTHAT
bar_27__free_design__Ganja_Burn__ic0.331	Homo sapiens	CPMEEAKTSGLAVLGPDEVPADVKPGTVIVKERDDGTVDVYTVLGRPYKTEKVGDETKSYYHPTCPKDKWLATKETIPKEKLLSGS
bar_27__native_ala_free__Ganja_Burn__ic0.331	Homo sapiens	MGPLDSIDPEIGKKSKLEFLLKASKNCQDLFKLKNPYPCLESRENLEKYLALPGANIPNLEDLKKAVELVETDPTMAELFKKATAP
bar_9__concordance__the_light_is_coming__ic0.707	Homo sapiens	GEKLWLICATVENVQLLQLKRGEAMTSACESLLSVQSALGGEKVASFESHLLAILSQLRAFGKNCGPHTLEDVKAELSQLGY
bar_9__native_ala__the_light_is_coming__ic0.707	Homo sapiens	ANDEVERYTHINGIPEEPEDCANTAASTANSEESIPSTEAANDITSANSWEETRESPECTAADGYALWHENMIDANESPEAK
bar_9__free_design__the_light_is_coming__ic0.707	Homo sapiens	GELTEEVLKELEKKHKEFAAKGKSLVEAIDELLKELKAKGGEENKKKIEILEKAREIAIEENLESGPDTIKKLRELLKKRGV
bar_9__native_ala_free__the_light_is_coming__ic0.707	Homo sapiens	VDPIVLKYMNADGTVKKLPGIGGEGAEKAEKEKKWPSLAEAKAINKYKSPEEVENSPDATVEDGKAMYTLLLEKAKASPLAK
bar_17__concordance__Love_Me_Enough__ic0.483	Homo sapiens	FVISAATVENSFVISAGPPDCNVIPSYERHCSWIHKIATSLPFPRWLVSATLNILGALSAPVWLFELGIATRICCACILCLSFPANLAVAIYAVASATLHHISASYAPKWLKKEATFIAEK
bar_17__native_ala__Love_Me_Enough__ic0.483	Homo sapiens	FIRSTTHINGSFIRSTALLMYGIRLSKNAWYAARWARTHSELFLAVEISTHEGREATESTLAVEANEARTHCRYYAAREYESAATGETITAATITSTHEWARSTAATLAVEDANTHARTNA
bar_17__free_design__Love_Me_Enough__ic0.483	Homo sapiens	GHLAAWTERAEAIVLAGPEAAAADPALAAHVTPIMEEALARPRPLLEIADELLEEAARMVAPEDAERGRAALYAAAALLSLALPPEEAVAYLRARCEELTAEFWATAPPEARAAAAAVLAA
bar_17__native_ala_free__Love_Me_Enough__ic0.483	Homo sapiens	SVTTETRESEEYIDEDEPVVAAVRVSDNKWIVITLTKENGKLYRTTTVINENLEPCEKAVLPVTIGDETKELKTRDCVKMTNKASGKTIEVAVLTETSPEVKEKMKKLALEEANAILKKEA
bar_46__concordance__Barbie_Goin_Bad__ic0.208	Homo sapiens	CKPYERHIGKVYGPILGKCAIVLKATYPGRYPGPPGIVASGPPNPIKRGHSLHTLECAKGPLNLEKHTLECRQPLNLEKGICCPHSTVELELDGAALIHTGA
bar_46__native_ala__Barbie_Goin_Bad__ic0.208	Homo sapiens	YAAKNAWRADIAALREADYTRIEDTAALACKAALLAAITSALLGAADCAASEWHENYAAALEGENDWHENYAALEGENDARYYAASHINENAMATTERWHAT
bar_46__free_design__Barbie_Goin_Bad__ic0.208	Homo sapiens	CTPYPGKYGEAPGPKIGNCVTVRQTVYPGTYPGPPGQVDCGAANKVAVGANKTTGVCSDGPIPLSLSQLPCQTPIDLKNGKCCPNITSDEAYDGCTLVDNTT
bar_46__native_ala_free__Barbie_Goin_Bad__ic0.208	Homo sapiens	AAELAALDARIAALAAEAAALRAALDAVRAALAAAEAEVAALRAAADPADPAAAAAAAAAAAAAEALAAEAAALEAAIAALEAEAAALEAERAALAAELAAL
bar_35__concordance__Bust_Down_Barbiana__ic0.255	Homo sapiens	LLEVTGEGATYGAGEGPVARTVRLLEGKIEEGTLSRILGDVENDCNSWLIEDLEAAQEVYGAGECGCWMPHIYPVYLEVRYVEKHSAVPPCQDAGRYCGEGAEYLLQVAMVARTCKRHGRYCGEG
bar_35__native_ala__Bust_Down_Barbiana__ic0.255	Homo sapiens	AENIHANATAKATANAAITCHIAEENADANNAHESCREAMINGMYGAVERNMENTAANIKATANYAYAALAAKLIKENICKINAWSTILLYAATACKYANATAKEEPITAITCHYAAWACKYANA
bar_68__concordance__Right_By_My_Side__ic0.146	Homo sapiens	HGVASTPLADLSLLCVDIQTLELRGPSLGPPATLDHVARTLSVSIGRTLAGEKKKEAPLADLNLAVEDCAIYRYRGTSLGPPATLDMVARTLSPPRGARTVA
bar_68__native_ala__Right_By_My_Side__ic0.146	Homo sapiens	WAITAHLETMESEEYAARPHANECAASEALLTHEMAITCHESISRACHETANDDANTLETMEGETINMYTRACKCAASEALLTHEMAITCHESLLCATCHIT
bar_36__concordance__Runaway_(Film)__ic0.250	Homo sapiens	VGVEAELWLIPHSLEIEGCAKGDEVKWETGKVAVGVEAELWLISAIVYLPTAATLCRGEAGWLIGNLHTGAVGGAALKETSMVFSTLTGAVENALPPKGATVARTAKPLAVANYEVK
bar_36__native_ala__Runaway_(Film)__ic0.250	Homo sapiens	IAINTNEVERLASENANAATDAMNIDANHADITIAINTNEVERSTRIKEAATTHEYCANTAVERAGEWHATIAATTEDNAAAIFSHEHATINGTELLDATAITCHTALETITGAAAA
bar_47__concordance__Just_The_Memories__ic0.205	Homo sapiens	PTRYGAGPPATLSTVAATGACGPPATILHGADLGEKVELWLIKVQQLKNILGALSAFLDGPLIGQQLIALLWLIPVWLGEKATGASIEDCYVK
bar_47__native_ala__Just_The_Memories__ic0.205	Homo sapiens	LAAKATALLTHESHITTHATYALLTHREWATMEANDINEVERDIPPEDGREATESTFEMALERAPPERTAEVERLIVEANDTHATSANMYKID
bar_42__concordance__Endless_Fashion__ic0.226	Homo sapiens	GCELWLEVFDCEGDLHGSEGAGPVLEFEECMPWVARTLSSAVPPRHNPKEARTVERTLRYDLATGASHPIKALRTGELPATLCGVEAEHATVENASSLLNVARTLSEEAWRTGEELPVEDL
bar_42__native_ala__Endless_Fashion__ic0.226	Homo sapiens	AYAEVENIFMYNAMEWASNATALIENANNYAAAITCHESSTILLCAALDNTCHINCHECKMETHATSWARDTACHANELTHEYAINTNATHINGTASEEAITCHESANTVCHANNELINME
bar_67__concordance__Grand_Piano__ic0.150	Homo sapiens	ATLSELHTERGDLAKAGYLRPGVDKFATVSTLGIARKPKTLGIALKSTGDLCPMPPILDGVEYTSAGFIGDLVEATLKGIY
bar_67__native_ala__Grand_Piano__ic0.150	Homo sapiens	THEANEWHACAMETATAKECLAIMAFTHISHEARTCALDHEARTEDSHAMEYAALLREMAINAASTAFRAMEINTHEDARK
bar_58__concordance__Can_Anybody_Hear_Me?__ic0.168	Homo sapiens	FKATLCDGCDLVPPELWLIHVEDGCYLVDSLAAPVERGEAPLAATLKLWVPVEVDGRHDVRGHLYTLIVVELDAAHTLEATLHVEAPEHSVDSTDGIVPCE
bar_58__native_ala__Can_Anybody_Hear_Me?__ic0.168	Homo sapiens	AATHEYMAYAEILLNEVERWINMAYAEIMSETTLINCANTLETTHEDEVILINIMACAMICAAAKHERAINEAATWHENTHEWINALAWSIMSAMARILYN
bar_52__concordance__New_York_Minute_(Remix)__ic0.184	Homo sapiens	EVHGPPATLYVKSHGEAGEVRYVDVEGYYSSYSGNWVARTVWLWLLETIASVERLDCQGIATGKGEVNLGNPSHQVEYWDPWYSATLSLPVARTLSGILSDPGS
bar_52__native_ala__New_York_Minute_(Remix)__ic0.184	Homo sapiens	NAWALLTHEKIDSWANTANICKIMINAAAAAKAAGAITCHIVEAEENHATSINCEMYPARTHADAAIGAAGLAWPINKVALVASTHESEAITCHESAREAAAAS
bar_23__concordance__Miami__ic0.396	Homo sapiens	VKLEAELWLIRPVMKLSQWRAATLCYEPHHTAATLRPVMKLVSFGSAPVAAPLIVARTLSKYAEFRYSISLVDATLMSVRYLSADQIAGPYEDFGAEVEYGEVRYVHTECGQVRYVS
bar_23__native_ala__Miami__ic0.396	Homo sapiens	IDANTNEVERCLIQAEAPAATTHEYKNAWWHATHECLIQAEISFASTLITTLEAITCHESAATAFCAARSEIMTHEQAICKESTMARTALKAMAATNINAANICKIWHAYAPICKIS
bar_38__concordance__Haterade__ic0.241	Homo sapiens	ATVSVELNSLSDDAALGPPNFDCRIVAVRSKEEACRQFLLPSAFQVKPSNYTVHVKVKVAPVYYTGHVARGDLANQGSSHTLEVSGVKVAHLRGEKDKLNVAVKTEAELLKECRILKVACLSVDLQVRPVFYTQHVILQVA
bar_38__native_ala__Haterade__ic0.241	Homo sapiens	THISANEGAESAATTAALLAFMYCRITICSDANTYAAFEELSTAPIDLAAKHAWIDIDITLAAKHAWITCAMETAPASSWHENISAIDITWECANDADEAITIDANTNEEDNACREDITYESIMEPICLAAKHAWIREPIT
bar_25__concordance__No_Flag__ic0.370	Homo sapiens	SGCATLMFLLEEGDLCSHRGENLASKDLVPPQILSSATGAHLEAIVNTARWLICTPITLGKCNDSTWVPKFLLPQPLSSLKDDSAWLRSLKGPIATFSAGIRTRGCSLATLCSAVPPQILSSLK
bar_25__native_ala__No_Flag__ic0.370	Homo sapiens	SAYTHEQAEENNAMEYAACANGETSAMEILLPRESSTHATWENTRIGHTAVERYAARHEADYAASHAALDFEELALESSEDMASTVEASEDALATAFSTARCHCAASETHEYSTILLPRESSED
bar_53__concordance__Want_Some_More__ic0.184	Homo sapiens	HTCATLFWRYVNEAAGSGCVAATPCTMEVNNGSKREAYEKHVACLAFEFACGPPAVPRTKNHEGEGCDLVENMLACNWDCSEEETAVDCQSAETASTKHVENCLAHIVSAVRCPFAVAGVEASENHVENCLA
bar_53__native_ala__Want_Some_More__ic0.184	Homo sapiens	WHYTHEFACKIGATTASAYITTHAYAANIGGASDANTKNAWITYETFAATAALLTAACHDAWNANAAAEINGAETYAAMYSANAATIMAASTNATSHAWINGYETWRISTICYAATITAINTSNAWINGYET
bar_26__concordance__Seeing_Green__ic0.358	Homo sapiens	ATLSLPVARTLSSAVPPDCSPESHTPRVDPKLWLIKLECVADCQGRYSTVAKVFFLILEAHTPRPFPKLWLISFQQPCVA
bar_26__native_ala__Seeing_Green__ic0.358	Homo sapiens	THESEAITCHESSTILLMYSANSWHACAALDEVERDENYITMYPACKSHITDIFFERENTWHACAALDEVERSAPPLYIT
bar_39__concordance__The_Crying_Game__ic0.231	Homo sapiens	VDRHSAGSDSVWLYCEGAWILEAARGCSLVTGALCGESARGQSLVHGEEGNLASSDLIELAIVDVAGALCGVYERHVASTGIKVYEEHVAVEAVDVKGALCG
bar_39__native_ala__The_Crying_Game__ic0.231	Homo sapiens	IMAASTAAASIVEAYNATARENATCAASEIHATEYANATCAASEIWANNAGETSAMEANETAIMITATEYAIKNAWITSHARDIKNAWITINTIMIDATEYA
bar_40__concordance__Warning__ic0.227	Homo sapiens	HTGACYYATVEYGPPATLNIPESVSFKIAHDQCATLKDSIFLHDPILSHAVEELHCNIYGEKVFLLKLDRCIICRTVRYLEVDGPPGMHNADCNILLEEGTDLNSASFDLFGAMARTSVEATLYVARTLE
bar_40__native_ala__Warning__ic0.227	Homo sapiens	WHATYAATHINKALLTHEGAANSISFARTWAAYTHEDAARFEWMAREAATINNEWYARKANDIFEEDEMCARRYCHICKENIMALLAAAATMYGREENNAHMEGATSAMEFATATCHSINTHEKITCHEN
bar_34__concordance__Roger_That__ic0.262	Homo sapiens	VDVEATLRKPPGIKNILLERCIEPILGKVEATLNMASNDAATLTGPPCHLLEYVRYSAIVRYTIAILGAVEATLRPYARTRPDLSEEVNNGVSCTRAIVRYVEVIHTGAFPNHFPYHAVNTALIATGEATLKVRYVEATLWNAA
bar_34__native_ala__Roger_That__ic0.262	Homo sapiens	IMINTHECALLARDGREENCARNAREADINTHEGATSGATTHEHALLAWEENKICKSTRICKARTREATINTHECLATCHCAMEANNIGGAISYAATRICKINARWHATFLAWFLAWTIGHTERTHANTHEDICKINTHEAATT
bar_73__concordance__I_Admit__ic0.138	Homo sapiens	NMGNGVESADLHTLILCVWISWVRVKLPLAALIEVARTHGEEGYVPPATLCSLPFATLEVPLATLISVKEGSTLSGCVASNKAVDLVNLATLIASPKATGAHVARTCWHKPHEHTLEVDLATLI
bar_73__native_ala__I_Admit__ic0.138	Homo sapiens	GAAGAINSTMEWHEREYAARSAICIDELETTERAITCHWANNAKILLTHEYSELFTHENILETHERSAANASHESAYITSGATIMEIGETHERTALDTHATAITCHAAWDAWNWHENIMETHER
bar_49__concordance__Fly__ic0.195	Homo sapiens	GSLGFYPPFFSTGIYSGEKATLCGPPSDLPPQPKYKATLCSAGIARLDVEGEKVSAGIAIVSVEDVSAFLSCIQIVSVEVDKQSASDIDVSVEVHVEATIVWLSRGITVNTLITVNTLITVNTLIDNILFVIL
bar_49__native_ala__Fly__ic0.195	Homo sapiens	ASEAFALLAFSHARKSANDTHEYALLSMELLALAADTHEYSTARTCAMINANDISTARTRISINMASTAESARPRISINIMAASTSARMISINIWINTHRIVESAARHIGHERHIGHERHIGHERMAREFIRE
bar_41__concordance__Roman’s_Revenge__ic0.226	Homo sapiens	VSATVSATLATGEYSATGAVNLAFRIQDAAVECLNYVARTLSYEVSVADCFGYPAATGAGPPQFCFWQVARTLSNNELSTLNPKWLSLEAGATGEYCIMEVALCRSPVAAPLTKEDHVDGHIGQCDMIRMFFVEHVATGVRH
bar_41__native_ala__Roman’s_Revenge__ic0.226	Homo sapiens	ISTHISTHETHANKSTHATIGETFARPATTINYAAAITCHESANISITMYFAALTTHATALLAFYAAAITCHESGANESHAALDVESENTATHANKYAANATEYAALITTLEHANAWIMAWRAPYAARCAFFINWITHAAAW
bar_43__concordance__Fallin_4_U__ic0.222	Homo sapiens	CQQGAACNVWLDLATLNNEFGRYHTLETLSGCRDRYVAIGRYNLEPFFSGFLACATVEYVENKRACAYPGALPCCICFGEKYRVVWLWEATGARGPDFPLHATLDNCGPTGSACNCGPATLDHGEADLFGRLNHAATLD
bar_43__native_ala__Fallin_4_U__ic0.222	Homo sapiens	YAPATTYGIVEMETHEGANAACKWHENHESAYCACKITAACKGANAFFSAFETYTHINKINAAATYAALATELYAAAAANDKCIIAEANTHATCALMFLEATHEMGYALHASTYGYALTHEMWANTMEFACEAATTHEM
bar_55__concordance__Girl_on_Fire_(Inferno_Version)__ic0.178	Homo sapiens	ALPPVEDLAIRSDLHVATTLIWEKLIELGATDCRKDFRIALIGEKSTLEINKNTAGNPEHVATTLIQVPPSGEKSTDLITDHVATTLIAKIYDLSEATLPGPRVECALPPVEDLAKETDQHVATTLI
bar_55__native_ala__Girl_on_Fire_(Inferno_Version)__ic0.178	Homo sapiens	TELLINMETACAMEWITHHERANDERNEATHMYCAMFARTERANDSHEARAAGHTAGANWITHHERPILLSANDSAMERAMWITHHERTAAKMEANTHEAALCANYTELLINMETAAAMPWITHHER
bar_71__concordance__You_Already_Know__ic0.139	Homo sapiens	VYLLQGCGIPVYLLSRDVHGEAGYGPPHTLILATLELASNIVDRESAGNLCIWRGESAGEKHTLILATLNFLSASNKWVARTLSVSDCSPESATLCKQEAHGEEGPLGWLATLELSAATHYNT
bar_71__native_ala__You_Already_Know__ic0.139	Homo sapiens	IKEEPAAARLIKEESCAIWANTAAALLWHERETHENETSGAIMANSTAGEYAACANSTANDWHERETHEGAESTSGAAITCHESISMYSANSTHEYDANTWANNALEAVETHENESTTHAAGH
bar_75__concordance__FEFE__ic0.136	Homo sapiens	KTEAFDRYHVATQLEQPLFEIMLVENGMAVSAVRVESALGKQIQWLCKRIHIIATEVRYVSMRYEEATVSKVRYSRIICVFDCERADGYLSCSQRTAYLNTAELPIVKVWLINLERLVSEAGNFYL
bar_75__native_ala__FEFE__ic0.136	Homo sapiens	DANTFACKWITHPEAPLEFARAEINGAATISTICINSTEADPRAVEYAARWARTHNICKISACKANTHISDICKSARRYIFMYNATMAKESYAACHAKEAATNEARADIVERGENCEISNTAAAKE
bar_80__concordance__Save_Me__ic0.107	Homo sapiens	VKIEWLFEIDVPLSPISAASFVEKCINGEKFVEKDCSLPFGPPATLSLSRILGDSGPPATLSLWIVRLSVEDCTLGKCDFNGWLDLSAILENATNGWLDLTTQLFFIGPVFLAVDLVELWLIHGSSGAVSFVLK
bar_80__native_ala__Save_Me__ic0.107	Homo sapiens	IDRAVEFARMILESAASTTAFINDYAAANDFINDMYSELFALLTHESESCREAMSALLTHESEVAICESINMYHEADYAAGAVEMESTRENGTHGAVEMEHAPEFARALIFETIMEINEVERWASSATISFIED
bar_78__concordance__Shooters_(Demo_Remix)__ic0.119	Homo sapiens	VDEFAFIMDAIVEVKGKEYAFIGDKLAITVASTDAATLFQRYMQVFCNQHGEAADLFQPFVAGQLISTESDVEKSAGALVSEACNFITHDKICETWLWLRYDLGIGQWLISVIENFADDIIS
bar_78__native_ala__Shooters_(Demo_Remix)__ic0.119	Homo sapiens	IMNATFRAMTRINIDADNATFRAMDETRAITSHATTHEFACKAPIFYAAWANTTAEAPLAITAPERSANSMINDSTATEISNTYAARHAMARYAAVEAECAMEARAPVERSIANAFTAMARS
bar_1__concordance__Changed_It__ic0.936	Homo sapiens	ERCCYRGEAPRELVAENGGVEAEQPVSGTLILSTLNKEKILGKKVSSVEEVRYVPVYLPVSGTGVIVKWCPVPENGGVEAEEPLGSLITLIL
bar_4__concordance__Fallin_4_U__ic0.756	Homo sapiens	CIFNTAAGRGARTDLHTVPLVRGILVGVEARGPPVEFQIYHGARTVEDCLWLICDAWLATIPNTAVHGSFGPPVEFFICSM
bar_7__concordance__Sweetest_Girl__ic0.731	Homo sapiens	CGQSLLVPVWLFNIATLMVPPVKVLFKIATLYVPPVSAVPPDGYLSPILVILGKATLEVATATLMPLGEKLWLICAVDLVHIVALVDQILRVSLVEDCSYVPPVASDLILARPVFLATGEWWSAVRLVECYPINIVPP
bar_14__concordance__Just_The_Memories__ic0.568	Homo sapiens	VELWLIATMYNTACIYHHVPKLEKNQGSATLLELDCVGPHGCSATDKNTACEMKCLIVNTATLILSAVPPKLFLEKVENDLVFLLPSDHGKFDICSTPLSACYFIVKLEAVACDGKLCPSIKLRVSVNEATLILSGQLEGPAC
bar_16__concordance__Roman’s_Revenge_(Remix)__ic0.548	Homo sapiens	TLGIATLDDQDHPVEVTLGIATLRGRYPVEVNAALDSRGILKSTLKYQGEVRYVESWLISLGSRTMIRTWGAVRGECPAGAGSAGEKSAVPPDGEELMPVE
bar_20__concordance__Here_I_Am__ic0.415	Homo sapiens	HTCVSATGACHCRYNPKNEPCSLLATLHKISAVEDLVSHLGISSDLAVDLSVFLLPPVYLVAEYIAPILSDLYQAAGYLLQVAGPPILGPVASYVEKGTIIAVENDLVRYFPKSGCVDKNELHVATVAWRAVAPTIYSVEDL
bar_22__concordance__Regular_Degular__ic0.399	Homo sapiens	VSATVSTKHQLHQPLGRAHTLECHHEGAILNKPGIATLCSRILGDVENFIVDGFIVRGAGGYSAIGPVGVANPKLDATGAVWLGPHGCSCLLEQLRKPVGIMSLLEVENKDHEAKATLPLAALIGSVECVPVSS
bar_29__concordance__Come_on_a_Cone__ic0.310	Homo sapiens	EQHKQEACCYFLLPILGPSAQQVKCLGTATGASLNNVECMFGRLVFCDPHGSEASQDNPCVKQQADCKRYVECNFGRLKRYVECIWIFGRLQRADCKRYVECECIFGRL
bar_31__concordance__Majesty__ic0.273	Homo sapiens	CRIAIVQQVEKVKCREQGRYRGEAQSSAREEVRYVYPNRYTEPLSSCENSLPPVEEVRYVRIGRYTLILAGYLGEVRYVQGRYRTLRYKHAATVSEVRYVGRAEVRYVATVSEVRYVATGAGPPATLSLCRTSQVNNCYGRY
bar_44__concordance__My_Life__ic0.220	Homo sapiens	ATLCYEQHCSDQDQTQPVYLEKDQIKQLSIVFATLMVLLESPLLHLQNAGPGNGEVAATLEVASNIESDMYLSFHLGVEAQPGCVENPEATLVEEGELACSNNPACVNNLIFVSTAIFICATGASHTCCIGNRAGFVNNLIELA
bar_48__concordance__Top_Of_The_World__ic0.202	Homo sapiens	VILDLDQLIHTLEVPDSALWLICATVENVEGFVILEFHVNTAFVILSSEDCAVILSTKRAQNASAADCFIIATLISCLPGEVGEKDGRGVGTATGEYSALATLDLSSVGTDCDKELCNLAAVENTVNTLI
bar_54__concordance__Encore_’07__ic0.180	Homo sapiens	VPVWLGEKVPLGIEIYAVHGVADCAFIEVDGPHGCSREATLIYENKAHLVNTAAKLHIELGSLLFFATLNGSATLEVDGYLGATIEATILLNFFATLQGSSATLCKKEAQPGCPVYLTLI
bar_57__concordance__Gotta_Go_Hard__ic0.171	Homo sapiens	ALPPLDVDATLEVEAGHLLFCVSDCSLESLVSGVRGPPTVDSQPVEALIFGSALIATGEGSQIVEALINVDDLDCRTVQSAVRYSVPPTGWLATLSLIGQYVARTLSFVIKVEELI
bar_61__concordance__Red_Ruby_Da_Sleeze__ic0.162	Homo sapiens	SLLATLKVFFLILERLVSVIQEGSSVELSSLSVFVGVEALDQPYCCINATLEHTGACLHFSVELSSVSVPPTGWLSAGFFIFPPMQPVYLHTGAATLIQSVELSSVS
bar_63__concordance__Baddest_Bitch__ic0.153	Homo sapiens	VKMDEDCIGQSKWHESVVKHEAPHSLATLSLMVARTLSSGCSFDLSLPSTVAPVYLHLAALIATGEWGRWRMVYVARTLS
bar_66__concordance__Roman_In_Moscow__ic0.151	Homo sapiens	ATGASHTCVRGPPCLNFPWTPVNTACLGIRGISLPCATLAVDLCEDSAGIAMQMYVENFVARTCDCNDEEGTGWLHTVALTGVIQGQGIGPYVHGSGFIVNTASRGILHTLEVPGEKLKFVAVEPMEKVEVAHGSPYYYVENPVYLDVYLKLGI
bar_70__concordance__I_Am_Your_Leader__ic0.139	Homo sapiens	HTLEVFPCVASSELPLAALIGEKQELEFDYLICTDHGRYTELSRKCPKNLATMAFFIKELSTDDLIGFALIATGAATLMHLLESAVPPILVNETLILVDSGEAGRPGTSARATLSLTDLSHVATNRAGILVEKLLI
bar_76__concordance__Barbie_Tingz__ic0.119	Homo sapiens	PLASWLILGPGPPCDHYVARTLSHGEEGPMRYPVYLDLHGEEGYLVEKLDGEKNLAFMVYLKPVYLDLHGEEGICESQVEATLPGIGEKRKRYPVYLDL
bar_81__concordance__Nip_Tuck__ic0.105	Homo sapiens	LWLICKGCGMYLLECAQSPLQAQEVDEHAAGPYVENGCVCACEIIDGAAILSSSWAHDCEMATLACQLTFQPGCLIVQILSSLCLRAVE
bar_84__concordance__I’m_Getting_Ready__ic0.105	Homo sapiens	HTVPLCDHHGSAICVENACQWPPDLKRHEVPLWLPLKYQVPLWLPLKLQAHVRLVPLWLPLKFQATILLAVDLSTLAGQQLKLDGEKACPKLDSTLSDVELSALWLEHTLEVRIVLKVYELHVKILFVEL
