name,bar_id,bucket,sequence,esm_plddt
bar_6_sc_na_0,bar_6,scrambled_na,ETEAEHLMDKEVDTEIITILLAANMGIGSHTNTIRETAMEIENETNTHAMTHCSTGDCEEIAHELSETTEIGENIYCATDIAYNIREH,0.43303964757709246
bar_6_sc_na_1,bar_6,scrambled_na,TIDHEKETEEIACGMGIMLIALHEVTENEITYTCGNEEHESTISLATIRDETNAANMENNTSIEEHDIIHMAAALHCEITDGRTETTY,0.5088252569750367
bar_6_sc_na_2,bar_6,scrambled_na,EHETSETIEIEMACENAESETDANETIITNMINGLECTEIGDTNIETAHMAETDIGTAHTYSILTTGLMAENCARVELHRIYHHEDKI,0.3374008810572687
bar_32_sc_na_0,bar_32,scrambled_na,HNAAAEANDAGEWASWHAAESATRDALKASEEATSAEERFNEIIRTINIHAEWDRYANLEWEEATLNLARSHRVEALSMCAIARVTRSAFTKYL,0.5574396782841823
bar_32_sc_na_1,bar_32,scrambled_na,TMAANYEENEERLTLVCEEHLARFFAALATRNKTAAAESTAWLNAAWAESTHAKEAVSSRWAHESANEGWDRIRADHSASDAIIAYERENILRI,0.5578954423592494
bar_32_sc_na_2,bar_32,scrambled_na,AVHFNAIRHEASHLEVTASARTILNRANREGSRANEISAFEAMHTCDESALYEAASAIEELAANDKILERTETASWWDNEARAEKAAWRYLTAW,0.3843029490616623
bar_3_sc_na_0,bar_3,scrambled_na,ADCANALRNTEMWSEATEHTTIIAISAASLETEATAKIAAEINELSTAAESARLAWMYIHKNDENEHCAYASAWRNAKARMARN,0.5253715170278638
bar_3_sc_na_1,bar_3,scrambled_na,AMWACCETYYKARETNMRTLNAASAKSRTDAIAAIIAAHHNSLNENASWREKIELAHRNEATEMEAANSETLIAADAATSWEIA,0.7605727554179568
bar_3_sc_na_2,bar_3,scrambled_na,LSAAEDITRLDAERMYSTHCAANWISMSITRAKYEREAHETIAALLAWASNKTANEAACENAAASHEEAWTAEIKANAMNRNTI,0.5745201238390093
bar_8_sc_na_0,bar_8,scrambled_na,RIELEHYAATNGRATSIACRSILAWHTWAFWMCETAHYRNKTDHEPAEPAAENHTIAEENHWAACTIDWIERTSLRITRAIYALVAIGCNMNINTTLIAYHEIDLAMLIIWLMCWSDLETEEEEEHLL,0.43112068965517236
bar_8_sc_na_1,bar_8,scrambled_na,YIEAAWEVKTTMLIYGHSATDITAHICINWALRTCRHHTRAWRDIAEADECLTCWWIEAELHWEENASEATPMLEEIGALPSEINNARMDEHTLNIIYTTTASACEFLENAIAILLIMEHNALRHYWR,0.32339080459770114
bar_8_sc_na_2,bar_8,scrambled_na,GAINIESWEEAWTSHAHEETTIDAETIIDWTGNTIPHARMEMCYWIIEEIMHATWSLRECEETLLNETNREEIHPDCKAERLAATTRNAIAADFWCRAHHIANCLRATVAMNIWYLLLILYAHLYSLA,0.3736877394636015
bar_0_sc_na_0,bar_0,scrambled_na,GAIASAEEIAHTTEREMLHYDIAITRNDAAREAAAHDVLLMNEAEATTSEHICYNTTNRTSTAITIHEGAAYMAYDMNNAFNEATLRT,0.33154074074074075
bar_0_sc_na_1,bar_0,scrambled_na,EMAAHANGRITIMRETHTTAAYTHTARAMNHERNYETAIIIEYYETNELTRNENSAELIAEASHSAIFMTLNVADACAAATDATGDLD,0.34848888888888885
bar_0_sc_na_2,bar_0,scrambled_na,GATEIIEFNSRLVMHASLYIHTNESNATGAEAEYEHNRMYRIEIMATAAEAADTNDANINDAMDLATYTTHACIATRTTLEEATRAAH,0.3550074074074074
bar_13_sc_na_0,bar_13,scrambled_na,RAATWEYHAYATCNYETALVTHIESCRNMCNAAHATNEEISTIATERAYSPMSDTIIEHAAAKHIAECKATSRIASTEEANIEATAEILS,0.37676384839650146
bar_13_sc_na_1,bar_13,scrambled_na,TITHRAKMAIANEMLTHAAAEEDNAATAEIATATCVAIACLTASKETAWEIRIAINHAYYSTCSHCNIYEAPSSAHEESRTESRNTYIEE,0.5235276967930029
bar_13_sc_na_2,bar_13,scrambled_na,EYTYHSEEKAKVNCTAEIESAIDATANNAETHTRTTITEAAAESYAEMSSMRSHRIAANAATECIAECHAALCYSHNTWAAIRTIPLIEI,0.4558163265306123
bar_11_sc_na_0,bar_11,scrambled_na,HHHHATTYIDASAAAPTSGEHTIYALLGAFRTATGSDHWSHNSTEGTAAMESCERIMTLCHHEAASEHFSTAIMAAAEHEWKWEAHTRNTAESREPICANETAAGESWIDTNSRANNT,0.3489048672566372
bar_11_sc_na_1,bar_11,scrambled_na,DAHETTSSTHHAEWHNATTERDGTAATTASCAWAFSYLHLAGATENWHAANSMFIGRHAACLAHREHAREIEASEGSIMAINGTNAKTEISIYDHECATSMTEPWPEASESAHHNTRT,0.33024336283185846
bar_11_sc_na_2,bar_11,scrambled_na,HSIHSTLASTTAWHNYAMHECELGDGRAEAHIEWATATSRHHPSCPAIIDRNMAHEAHLWETRSFTTTAAEGSTAICAWEGENSAREATASGTAETAAYTMKAHAHSNENIDNSTEHF,0.30252212389380534
bar_77_sc_na_0,bar_77,scrambled_na,WTVRNRAFLGLHIEWIHGHHAEPRTVAANIATENLSRENEETHEIISMANTIGYATAEMAETLRLENESEAASHMATLAAVSRTTE,0.43745535714285716
bar_77_sc_na_1,bar_77,scrambled_na,ERLGTARNTMRITLATEATERARNATENAVIVMGEEIWISMSINLELTAHTGAAEINHSEATSFEWASHRLYELAPNAATHVHEEH,0.32196428571428576
bar_77_sc_na_2,bar_77,scrambled_na,YAAVAERRSGHGSRAMIRLFTIESTEWNNAAATGEALEWEHTLARAIENIAMHASNHASTVEEITNNELEPIHAETTTLVEHTLRM,0.5262946428571429
bar_27_sc_na_0,bar_27,scrambled_na,LNIFAATLIWEWLILTTAHRGTAATYATSERTILWAHLASFRALTTTPDDAAGEAVAYYSRFIAAAAHYKARHASAEVEKRAAGAR,0.5033233082706767
bar_27_sc_na_1,bar_27,scrambled_na,SAIWTAHAAYALTAGARTFLFAASARIDAITRSGKLELTYPHALVHIGTTEAKAFTAHAARVTLYLEAAAWERESAADRNRYWITA,0.29765413533834584
bar_27_sc_na_2,bar_27,scrambled_na,EAEYRLHAAWWAYASYTAELETKHNILAAATDTGTAILLSHRWAFGTRAATSTKTDARAVIIAEALSRAFALRAHTFGIRYAAVAP,0.36975939849624057
bar_9_sc_na_0,bar_9,scrambled_na,EEWTEGRTGSSESNTAPITSNPSAEHDCCDAAAYLDEENDAERNAHMAWAISAENTEASITNSADYNTIEVENEIPAEPEPK,0.454983922829582
bar_9_sc_na_1,bar_9,scrambled_na,SICAAYATTAISDELDPASIPANNDNEPWEETANHDASNEEATEATEKENAPPEAWTEREIRHSEIYNEMSSADGCGNTESV,0.45327974276527333
bar_9_sc_na_2,bar_9,scrambled_na,IAEIDKNDAHEIEASISTEAMSPNPAWNNTTSTSDEETEEGSWADDCAYHPRAAEYIAERAVSNEEEACGNPNETASNPELT,0.43286173633440517
bar_17_sc_na_0,bar_17,scrambled_na,GGRHTYAIHAIETAAVIEEVNAWSIIYTKAGGLHESAWLHTAEIENREANLHTHLTNFRAYYRETSTTRSTRAVISSDARMELAYFATETRATAASCTRAWNLTTEAFTAERRLAAATSSS,0.505904761904762
bar_17_sc_na_1,bar_17,scrambled_na,NGEAASTSRHTESARFLISAVDRAWNLSEALVKYANEAATTAHFELWSITTTSAAFRECEELEVARIEGATGAATYHNARSWAATALAYEMSTRIIHTTHYTYANRREASIRTGITLHTRT,0.3663068783068784
bar_17_sc_na_2,bar_17,scrambled_na,ASAHETSREREAVNTAAKTTAETAMIRAFANYFLEHTFSLLSTYTIAERWTYRGSTECAVIRAATHARAHLLAETATDREWATNSAAYRLGVLGTEANSRHINWYIIRHASTASISETTEG,0.4014708994708995
bar_46_sc_na_0,bar_46,scrambled_na,LDYDHCAAERAIALYISAWAKDAINEELEAAWWAEEAEAAIAADSAYEAGRLADAEATLYEWTSATATLGNRYRATHAAAMNNCLNHNEGANHLDAAATKRY,0.35938618925831195
bar_46_sc_na_1,bar_46,scrambled_na,AARDNAYWAEANTADETANKGDALAIALYWAYAAAARAEAICYHAGALLWSLGDWIHEAEIKTEDLNAAAHRMTAELRESTYATLNDANEEAAHSCAYREAN,0.5735166240409207
bar_46_sc_na_2,bar_46,scrambled_na,NAAEAWHIAAYHNALRAGAALDETTYARYAYDESELNHACLDIANSDLTEAMEECAAAYAEKWAANALALIASNHAGDALEGTYTDRAAARTKIAAERENWW,0.40423273657289005
bar_35_sc_na_0,bar_35,scrambled_na,AKNAAAAVTKAINWHAKCTTANAIRYAESEALLAAHMASNATNNEKGAAMCEINWYNANIKTREITEAEKCAAIAEYGTEPAYECYMAHAKINANCLAANAINYNDTAHTKALATAYIAACAINI,0.3912823275862069
bar_35_sc_na_1,bar_35,scrambled_na,IAENACAHNAWGMANEAYKEEMNANEKNKTNKYKAANAANADNAALAWAAMAAIIETIALATIKAAGHTIYYACEIIAAINTCEPSYCRATTHYCEAAAANIKACALAANNNEITTASVKTYLRH,0.4373383620689655
bar_35_sc_na_2,bar_35,scrambled_na,AADCTAAYAAIANATKNYHAHAAKACAAYTAANKETICENNIAKINMAAVNILYTAIYNNNNEGIAANAEATEATWRYHAKAISAATPCTCRMAGNSKAMKWIEALANHTEKCAIEAEANILLYE,0.4114978448275862
bar_68_sc_na_0,bar_68,scrambled_na,SETMMHACALEEAETTAHNRLITNNACIESADCTECEAITIEICHEPYHGEMHCINACMRELAMLTEHKSTAWTLCDEAASSTLEHHAAASTAERATALTYL,0.3627367055771725
bar_68_sc_na_1,bar_68,scrambled_na,AAYETSWDIYATACCACAHLAMHETIEILNETRAHTLANENLTMLSHSMLHEGRCEDASETTTCCMTTALAASHEAEEEALRACKNIISEAEEHMHTPTCIA,0.5074059662775616
bar_68_sc_na_2,bar_68,scrambled_na,NTEAACMEHSTDTAELLGSHIRCHAPEEWHTCAHYKSHILMCNATAEETAISEAHAATREELLTRALEEMITMHAISMASNACLCIAEACTLTTAEEYCTND,0.33433203631647207
bar_36_sc_na_0,bar_36,scrambled_na,HTIAENSATEDARTKEANATATAVAAAEATIGNTATMERHTLTIELWVARIATGNNYCEVHANLAANNITRSEALADTISIDIGTAIHHTFDITDAANCATETAAEEEAAHIIENNA,0.3321627906976744
bar_36_sc_na_1,bar_36,scrambled_na,NAESTTTDFAAIGITNAREGHEACVTTIASVDLNTIHLWANAIAHNTNTLHTRIEAIAETAEEELIRITAAANEEANAAAHANCADATEAEVMATTAIAYGIDRENSIAHKTADTNT,0.3541511627906977
bar_36_sc_na_2,bar_36,scrambled_na,ICYHLTFTTDSIATNATAEEAEARITAAITVILACGRWEEEAANDNAINIHENHNAAAIATAKINAIAVDATTLEVAIGEAHAANSRREHLTTTADNAGTDSAATENTHEMNITAET,0.32466279069767445
bar_47_sc_na_0,bar_47,scrambled_na,EHPAELTRDEDERTRMAEHATMAPALNLTPEARIRDSILVEARFTLNVEATEELTTTAAGSTAIDYLYENETHVNPAEAKASIEAHHWMDKIT,0.4552941176470589
bar_47_sc_na_1,bar_47,scrambled_na,PENLEIRTNEIVLIPHATEEDREMLTMAADLTLTWPRAADRTAVASTKHAFENKDEEIHEETRTHYATGTHLLEAENRTPAEAVMSSDAAYIA,0.3350752393980848
bar_47_sc_na_2,bar_47,scrambled_na,DHLMMTAHVHEHEPEEDLRAFDLLTDNVERTSTIIENAELAKETATTPRARTATNAADEAREHALVTEIITPRAAEPYSAEMSKNWGLIYAET,0.4995896032831737
bar_42_sc_na_0,bar_42,scrambled_na,MNAEIAHAENLHNAATGLCVFEAAIYTSAEAHITSSWTMSKCELHTITINENHDNNMLAECHHAEYNWACEICAADCHYTACLSTALAENITTAINTHEAYNNNVNANRATMISNACTEEE,0.3270173535791757
bar_42_sc_na_1,bar_42,scrambled_na,NHCAAAHSIENTNYIAEYEWAHALYMMELELTAASNNAHNRESNHSAEAIEAYNCLITTAEIEVAAGSMCEAAITHNFIICTATNANETCADWMILTHSDTNCCTAEHNCATNNLKNETHV,0.3321583514099783
bar_42_sc_na_2,bar_42,scrambled_na,ANWTHICITAACVNTANAWNELAAAIIINLMCLNEEKAYSNSNHHGHHEYNAIAANNTYTLAICENAIADEMEENCVHMTTSSFCTETHLMAINHCANETSATATAYAEAEENDLECTRSH,0.2716052060737527
bar_67_sc_na_0,bar_67,scrambled_na,ETMAAEAAAHDEAMMTRTARHALHERCLMASNEHAEADIRAEWHTCEAFIAATYHLEKTTEADFNSSHIRNLMATKIECAA,0.5590302066772654
bar_67_sc_na_1,bar_67,scrambled_na,INHYCTNSTLALHEATMFRRHHHIEEAARAEASCAIRSFADTADLAKEMRKTDAMAEAAAWCATTHIEMELTEAMEHAEAN,0.4434340222575517
bar_67_sc_na_2,bar_67,scrambled_na,IAACRRMETEFCTSIAAMEMKDETTHTRSALTAACRSHNAMELEHAKWNEAHAHEAANEFREMYHDTLEHDTALIAIAAAA,0.5966295707472178
bar_58_sc_na_0,bar_58,scrambled_na,HTAAEEANETAENTAEIATCMYNLHHNNENLAVCAEEYWMLCATLRRAAAIWDTIVNIHMMYYSAIWATAIARAIIIAEAEKSISLEMWIILLEMTNMHNE,0.4550124688279301
bar_58_sc_na_1,bar_58,scrambled_na,NRETANIEAAALETSAWITATNLANWAAIEYHHYYMMNENSEICTDEAMTLAEREIIICAHNYAIKIVWAIMWVELAMLNNTMAAHTEAHMLLAEIRISCE,0.49029925187032425
bar_58_sc_na_2,bar_58,scrambled_na,MTIDAKYETEINANLLCAITTEAWARIAAYAAATRWHAESIANNTEIWHTMIEEVNALMCEMYHESLLILYNIACTAEEIWMENHILAARAHAMVMNSIEN,0.5973316708229427
bar_52_sc_na_0,bar_52,scrambled_na,AENKEAAWISANIVGINYAAATAAREKDASTEAASAETHAMESIMHINVLIHGTNWITCHLITAHSGHIPAACNAPRCCNLSKAAATALEIDAEWAAAKAEAAV,0.4719893899204244
bar_52_sc_na_1,bar_52,scrambled_na,TNLEAAAGESPYVNAAAIAVTIKECASIIAKIANELAPAHEKAANIEAAVALHASAAICHDATTECMGATTTECEIANWHISSGAAWMAWKDNASAHHRNRAIL,0.4188992042440319
bar_52_sc_na_2,bar_52,scrambled_na,PKEENGAIAAEMIAACRTDKSANIINHHNLDYEHNSALAAGAMKHATSLAAVWEPNHTWTAAAHTTELSWIGAESCEIAKEVIIRVCACSAAAAATAAIAAAIN,0.34744031830238725
bar_23_sc_na_0,bar_23,scrambled_na,RPSTIAMAITHTRALQWANIDTTVEKSEAETCQLTHHAAASNYYETAAISAAEMLETCAETAICMEENHASIINHCIAKFNTIIIHAAKLTKIAAFWACKTIELSARQCPWACANAE,0.432682379349046
bar_23_sc_na_1,bar_23,scrambled_na,ICAFLEIKTEDSMIPAASAIATNCAITYIMEHHAEATNASQLIPRNYNHCWASHASTHIAWAIRTKRCITMKAEEAENEFKTACATWAIEQVHTAECATTCAAAQEINKALSAILLT,0.35008978675645347
bar_23_sc_na_2,bar_23,scrambled_na,CCTRNHTATKMTFINNSKEILATASAKAAIVICPCISAARQTWIHETKAIATETAHSCAWEELHAIYAAATATHQEENMENKACLFRSIATLEYEIQACATIDMPANIWIHAALSAE,0.351043771043771
bar_38_sc_na_0,bar_38,scrambled_na,ASIEKAATADHAILIIDALAMIAACAEDMKNSAEIHIEIEEWTTLNASEIDIYELEASACALTWNLNNTHIDRAESWKRTDWHFPSAATINTPPIAAATAEIACAIYFADTNDIPRTWCTIEIMSSHTDCGAEYTADAAEC,0.30828837209302323
bar_38_sc_na_1,bar_38,scrambled_na,AHSTWIANMPSTILCCAILAEEIDKDWIIAASSAHSHADNTHIDCINPEYPARESSIIELTTALNDDRETAALEDLSCAIITTNIAEAIWIIMWWTAFMTEPAEAECIYHAAEAKTAFAAAAATEGYINDDKACDRNTATE,0.31253953488372094
bar_38_sc_na_2,bar_38,scrambled_na,NIIEAWTIATITIMADENSSIATATNEKTDYSAKIILNLDTRAAIDENTEISKMTWTMCHLAHCEICHDASDSCAACDIELTADNEATAWRLAIAPAFHTCYAYAPTFWANAERSAIEHPAEEEIAALIIEWGADDISPAA,0.415646511627907
bar_25_sc_na_0,bar_25,scrambled_na,ESTAAAEEREDGLFRHARLASYHCTAAATVMARDAETFSSAEERADEDATWCLHQAYTACAENLESGHNSYLEEERIATAIVAAATTNSEHHPYYESAAESSSLEESHALNDLEMSAIPSTTEM,0.4266031746031746
bar_25_sc_na_1,bar_25,scrambled_na,WHELSHIRAATIEAEAASARSTLSMAEEDDECRERYTRMLTEYPALLEDATNGEASTAAEADNRDNSLLIAESHGHASAQETTASSYAAEENTATYMAEVSFFEPLAHYSAEEACSVHACSETH,0.40584126984126984
bar_25_sc_na_2,bar_25,scrambled_na,FAEAETGSDSGESRAAESSYRACHAALMTRNAAFECASCHAASNAYTPLHVELSASTDLALYTNSAEQPEAESDYTARHIDMWSTSEAYEETTEIEVHELLMAASHANAAERLTHITEEEEDAR,0.3873015873015873
bar_53_sc_na_0,bar_53,scrambled_na,ATAARTHEAAKSSAMASGAAACASGDAYEATITYATHTNLSWANANANIISWGTAHYAAYWAIATMIEYSCYFKYINAEHEDIETAATAAAIWYTTTWNANTLNAATAGTANGNITHTYGIAWITTACNNFI,0.3529817444219067
bar_53_sc_na_1,bar_53,scrambled_na,YLTAYADCINIAHIIETWEADMGAWSEATWCSIAAALYAYAIETAGGNTNWSAAYGSHNYGFANMWIINAAATSNAIWATNKTISRTFCYATANTTSNTTNIAATTAHAIHNTYAEAAYAAAHAGATTATEK,0.31194726166328607
bar_53_sc_na_2,bar_53,scrambled_na,AGLNNTANMTELADWESAATMTNAANNNTYGHIAGTEGANWASFTAAAIYHYTARTYSAAAWINASGIEIIHAATAAEFADSAYAWSTEHISTWANCCTNIYTYKYITAWAYAAINAAITAHATITKCATGT,0.26690669371196757
bar_26_sc_na_0,bar_26,scrambled_na,ICWTDECKEILSTYYAARLHEFYDSAPSEHVTAELESTHAIWAHINLNEHTDPNPTCRAMCSYEALARIEFSVTMAEDSI,0.505859375
bar_26_sc_na_1,bar_26,scrambled_na,PHTTFAEDLSELYLCHDRDAANLCLWAAISARIAEAHYEMKPNSTDSIMRYWICEFVEIHHAITTSTVPEAECNSSTYEE,0.4801875
bar_26_sc_na_2,bar_26,scrambled_na,LCDHERLTTASMAERSYLSTPHTAFCEKWWECEDDDNHRETTCEMIAEVTEIYFNEPIYAIASPYAASHLASNAHSIVLI,0.396015625
bar_39_sc_na_0,bar_39,scrambled_na,ASDSTNMKNANIWEEAGTAIHTANMDTSMAHTTAAANIYEWENTCAAETIAYIAAEATTAAACNIAKRNEIEIAAISNAITTIISIESAWVYAATEAAMAYR,0.33919098143236076
bar_39_sc_na_1,bar_39,scrambled_na,AWYSIAITYEAYCKAATMIHWSTSAWKSRANEIITAAEEANIDTAEIATACEITTISDVAAAAATYIAAIAETRNNAAAGMAHINMTATMINEENNEAATNS,0.458103448275862
bar_39_sc_na_2,bar_39,scrambled_na,MAKAATTITADSIAEAAIVISTARCANAITEADCENTEYITTNHIGSSAIATMNNAIEANAHAAISIAAYWANIANESWAEWIRTTEEMKAMAAENAYTYAT,0.3478779840848806
bar_40_sc_na_0,bar_40,scrambled_na,ITENECDNEHNGLYEAMCAAAAGDAIGRTHARATLTTNNINHYNANEAIAWHSIEIHFFIMEYDYSFKHSEAHNLTMKATMARAATEAAAEMCEAWEHRTEIAAMFRACEWRSTYWHKCTKALRENAAAT,0.37270611057225994
bar_40_sc_na_1,bar_40,scrambled_na,NSTTAHNANREDWTHYLNHTSMYAEFIWEHGTAKGHRAAAWAACRRRRAACCKYAMKEMEFMTFNRNAEMWNNILEDNEANAAGCAHHITHEITHSTATAATLTSIAEAEEIEYEACFIKAMALAAEDYI,0.37052376333656645
bar_40_sc_na_2,bar_40,scrambled_na,EYKDMEAENATMRMCITENICHFMTYEEAAEIRKETARRKWAGNITFLHSGYENAFSAANWNERACAEAKMAWAYAAATHASNDGTAYINLFHIEHCHSEDMIHELTNNHCITAAEAAAHRLTTATARWA,0.3441319107662464
bar_34_sc_na_0,bar_34,scrambled_na,HISNCACTATAEAETTNHNANMCTEHCNGNTHSAAERKTRLRSFTEEEIDNKEGRGHITEMAWHRLATCAWAAIAKNWINAKRELHCGALIRTRYHGTALRWADFLDCIHCTATRIAAHLETIIGEIETHIKACATNATTANEI,0.33096601073345255
bar_34_sc_na_1,bar_34,scrambled_na,IYATATCEENHTFHIKITGINEEAETGTTAHHHNAHAHIMKIFIGIIINLACRNAKTNATHTNCICHKLAATNCAAWLATLTNSASEMRREANEEGDHETTGRWCCCEATATATAEIERHRARCWRRDGLKAALDTNWRAISEL,0.3307155635062612
bar_34_sc_na_2,bar_34,scrambled_na,NIYAHLATHINANNAAEEACTCELTATIERFAIATAGKFEHKNRLIRATHTTHSWDNAATIIRLANDEITIMWTSNMKTCIWRGCAEETKINHEHGEARCKAEATGWCDEARLARGAHSAHLEHNGIATTTEIATCCTRLNHCR,0.25883720930232557
bar_73_sc_na_0,bar_73,scrambled_na,MEHSSYHYTSHATDRTAMRITAIACTSAMYEGHRTSAAINWANETGILACNTNRNTEWHAEEAETILHETEANIAILHHHHECRLKWSGEDEILWTIEDSAIETLAHAFAWNEIETAEETAGRA,0.3260406091370558
bar_73_sc_na_1,bar_73,scrambled_na,NEATEIERDAMLSANCLTTEIAEGAAERNLETISTEHMETWLLETANHRWKWLIAIGEGIFGEHHANRAHSMTHADTTSNTACHIEWEYAASWRHEESIYADASIETRAIHYNHAHETIATTCA,0.32460913705583755
bar_73_sc_na_2,bar_73,scrambled_na,AALLIALTRHASIHFIEENERTADERAEWTWSDDYAGTTEHSGEAAAIRTYNETTIHHTTTLCATTINEAYEILEMEIAHGENIWATHWASCKMLNEISANACWERASHAHMEGHEHIRATNSE,0.33471065989847715
bar_49_sc_na_0,bar_49,scrambled_na,SNHMHESAARFAEYRLSLNNARALERTDRARITETHNKNDGSTAAVIEETIRFAMYISASSANSSNIPHMALAHISRSATAAETCAIGMIHTRRRAHTARHEEIGISILAHIMLMIAFSIHEIAARWDRISLE,0.44733397497593835
bar_49_sc_na_1,bar_49,scrambled_na,DLRSRMIAVIGSSTNEKTANRANEELDLAAAYREIIISIAISHARSLHMCAITASIRAFERHAFEISSHTATIAAESMHESEDHERNHRLARAHAMMNARGHATISARILYAINHSGIMRTAEINSTLWRTPF,0.4528103946102021
bar_49_sc_na_2,bar_49,scrambled_na,SSAAESYEIMLATGNSFSSWHERNAEHHIIENSDRHASLIMAPAREALLRSYDIMHHHIIAIAVDNIEARTETIMASTALAAATLISNNTFHMRSAGRARRIITRFITSGHNIIAEEMARHASRKEARRTCLA,0.4355341674687199
bar_41_sc_na_0,bar_41,scrambled_na,AAVFHALAYRWCAAMSLKNAFAGACTIYWAFLEHYANNSAITIHAFTAHYRESEYEAAINAEAETAINTLPHLTASNSTAIASIHATAHNTITSAEISNMAKIHAIWNTAGAAIEYTAHWLTTDTRHAATFHETTPAAACTT,0.2923611111111111
bar_41_sc_na_1,bar_41,scrambled_na,ANHAITAYEAAATATANATAAHRIFALEWEATSNATSANIIATATAHIAWAHFVESATIHIPLLSTIACSCYTTTPEHNNHAAALTHACSTDYYHAWATEEIAGTERFAAYNYAHFLAGNIMTAKTHSAEKLFIRWANMIST,0.3492962962962963
bar_41_sc_na_2,bar_41,scrambled_na,TWTATTAYRHHAIATPYAATCSAHNAHFLTTFTEEAVRAATAIMAWSIHAIYAHYCLLWEFAFAIAITSEAWNHYFITNTEKTADATSSTNAHNALLLYIITAKCANPEASGHIINTHSEAAAAMANEERTAIHGAASTANA,0.3151759259259259
bar_43_sc_na_0,bar_43,scrambled_na,EAEVAGTAAHAETHAMGYNNCAFIATAATFCHATIEEYPAWYHAIMNHMYEACLCATKLTAGECFYKNHAAAICTGAHYFNDTHELELKTAANAESMTACMASATLAAFYEAATMYATIAEEAATSHWGILKNKNATYE,0.3036606291706387
bar_43_sc_na_1,bar_43,scrambled_na,EAAEAACAAMCYAEHNNMAITFATAANLAASHYTAAAAEYMPMEHLNGTHAYDNKETCAINAATHFYAHTEFAHCETFIAKGCKTLEETITWNAMKTCAGNAYIHWECTAALGAYYAEASEMTLGKFSLATEAHATIYV,0.2753098188751192
bar_43_sc_na_2,bar_43,scrambled_na,HTLEAMAATIGNTFLEICEAYFYEETICAALYAHTMAENFYMSTAAACHATWGYCCWEETAKALAEAYKIAAAAAAHKHFGLHTYYAGTHNATANTTDTCCETINHMNIAAVTKAMLEASKAANYEAEPHEGANFASAM,0.35224022878932315
bar_55_sc_na_0,bar_55,scrambled_na,AAAMRTHLCREAHHYAHIAHSLPAFHEEARNHIDEWTNAATRLREAGAINGSDNENPIMAETRTYMTEHACMILNNCDSMAEARTEANIRTTNAWHEATKRALEETEMHITAALTMEEHHAMMALWW,0.5157213438735179
bar_55_sc_na_1,bar_55,scrambled_na,HHHRSECTTYETTCNEWLEAEMYARRITAETADIEWTTANGNHNEIMNAIARRNAHTHMELAACKMGLAANRAPAMAAMPASMTHDLAETRTEIRAEAIEENALTSAWDARLEHMNMLHHEWHHAFI,0.42251976284584986
bar_55_sc_na_2,bar_55,scrambled_na,ATKLAHDAHERHYTWAHLEIIESHTMEEANAADEREHHNMTHMGTCHLRTWAEAMHANALNTHREAIANMMCTSEITERDIAMEEANCTLTTAFNASRHYEAAPWERTRARMENIMLAAANWIALPG,0.3783498023715415
bar_71_sc_na_0,bar_71,scrambled_na,LYATEANHTISTRETATTDNSHEAEHAKYYLENCTAGHEASEIAWTANHAANSAADSSWEGMERATTIWCEAAHNSEGANINASAANIHVTTCTASSLELAREWEAPAGKGEMEAIHENEESH,0.3262043010752688
bar_71_sc_na_1,bar_71,scrambled_na,YEGITSNICHEEAGTILKASENANHDSEAGCTATLRAWSETHWEHSAKTGISENMAANIHNSHIMHSVYTLNTTSHWSARHAAERTEAEENEAGCEAAYLDATTTNEEAEAAEAASANWAAEP,0.3570215053763441
bar_71_sc_na_2,bar_71,scrambled_na,AHWEYHTDHATEASANGRHCTHCVNAELELKALIAWMNNTESIIIEGTSAYATYTEAAEWRCAMINAAEHAEADWSENPNEAEANRAHETEALSISAAGSHNSSETNEKSTEETHGASTAGTA,0.3519354838709677
bar_75_sc_na_0,bar_75,scrambled_na,ISARRLCTNEAASTIWKTNFSNTISAKACYAKSKAIACIAAEVPEEIRYERDIHDASHCNKKNARAWNYTTFPIKACVEPADEAAAAAERDARCNTEENYGIIRAIAGAFHAHSIMEAETTNCTAM,0.2800207468879668
bar_75_sc_na_1,bar_75,scrambled_na,PTCIYATIGVMTRSANAATANDIDSAAAINKMESCYAAEASEACTHACFEEAHYYEAATAIAHSKIHRNCRETINTARAASCWEIDIAERLGVRCAAPEKEWIADINKNNNRKRKPTATAIFKESF,0.3079875518672199
bar_75_sc_na_2,bar_75,scrambled_na,IIAAAYASHSDAHCKAHIEPNAGYRCAIACYIKGRNFINRKRHDTENANAKWIMACAAEINSTARYNACTCLKNSAKRVFEFEDIATWDEVISAIEPTAEAASMAEKNARPACTITTTAEAEESTR,0.3508817427385892
bar_80_sc_na_0,bar_80,scrambled_na,DSITHEIFSDTANMEFAHECFRIALVELTEAEFGRSTMAVEYFEAMASLVLIETLNNHEDAACSATRMPEVRYHSEIIRASTEDIHEESNSAIAATEAFEIIRSDMAEEGAMEYADAWAVSALIMGSAYLENFN,0.40114942528735625
bar_80_sc_na_1,bar_80,scrambled_na,TNEEIGMSPATSDHAIALRTLMETSDAADAIFHNGAASIAENEEHAFAAESEEIAMYVVLTLSVSEAIEMLEHLTEERNFCDYEITTFEFRADEMAACMSSWFEASAFSLANRRVINIAEEAIRYVDIYGESHM,0.33865900383141756
bar_80_sc_na_2,bar_80,scrambled_na,AANTEMAEVANEHREIAMASVHSAEACEGSRTYMILRAFFDAASESIDTAFDNTVHLNMTILAAPYENHTEAITSELGAEFIDSIYESFCHVEGSAMWIRVSRASTMILEIMEASAELRIEFEDYANAELEEDF,0.39739463601532565
bar_78_sc_na_0,bar_78,scrambled_na,TIATATEIECASAHDHADTIMAREAMSNTTRVKNAAYTAFTAAEAASMCMAPRMAAAWRANASDYERAANLFAIFNAAASETHPPFIAVPFTRMYREIRTEIREATATISNRIMNASTAADN,0.4245385450597177
bar_78_sc_na_1,bar_78,scrambled_na,RPAVHTEKITAICAYIEMDDATNSAFTAMRTACETTPRASRNASFPIYANIANAFAERAIHANASANASTTERTSVSRMYMATERWDEAFITAAIAAAREMIFDERNTPALNMAAAAAAMHT,0.37862106406080354
bar_78_sc_na_2,bar_78,scrambled_na,AENAPRDEHAATARMAPTAMLVVHTAEMIIASAAEYYIRNNAFAASRRREISTTMREAAAAYATEFRSADIDITTWITAICTPAMARAIHPTFKAANTANEFARCFNMNTNAEAAADSMSST,0.4401302931596091
